{
  "document_id": "SRM_Solution_Pack_Guide",
  "processing_date": "2025-10-10T23:37:02.021816",
  "extraction_method": "hybrid_docling_font",
  "total_content_length": 770185,
  "total_chapters": 9,
  "total_sections": 351,
  "total_chunks": 325,
  "font_analysis_summary": {
    "body_size": 9.0,
    "heading_sizes": [
      28.0,
      26.0,
      24.0,
      22.0,
      20.00000000000003,
      20.0,
      19.999999999999943,
      16.00000000000003,
      16.0,
      15.999999999999986,
      14.0,
      13.999999999999986,
      12.0,
      11.5
    ],
    "headings_detected": 805
  }
}