{
  "document_id": "SRM_Web_Portal_Guide",
  "processing_date": "2025-10-10T23:53:21.627196",
  "extraction_method": "hybrid_docling_font",
  "total_content_length": 687143,
  "total_chapters": 14,
  "total_sections": 354,
  "total_chunks": 335,
  "font_analysis_summary": {
    "body_size": 9.0,
    "heading_sizes": [
      26.0,
      24.0,
      22.0,
      20.0,
      19.999999999999943,
      16.00000000000003,
      16.0,
      15.999999999999943,
      14.000000000000028,
      14.0,
      13.999999999999943,
      12.000000000000014,
      12.0,
      11.999999999999943,
      11.5
    ],
    "headings_detected": 614
  }
}